<?xml version="1.0"?>
<config xmlns:xsd="http://www.w3.org/2001/XMLSchema" xmlns:xsi="http://www.w3.org/2001/XMLSchema-instance">
  <ServerProtocol>unknown</ServerProtocol>
  <ServerAddr>localhost</ServerAddr>
  <ServerPort>8080</ServerPort>
  <ServerSubUrl>/resto</ServerSubUrl>
  <ChainServerProtocol>unknown</ChainServerProtocol>
  <ChainServerAddr>localhost</ChainServerAddr>
  <ChainServerPort>9080</ChainServerPort>
  <ChainServerSubUrl>/resto</ChainServerSubUrl>
  <ServersList>
    <ServerName>localhost</ServerName>
    <Version />
    <ComputerName />
    <Protocol>unknown</Protocol>
    <ServerAddr>localhost</ServerAddr>
    <ServerSubUrl>/resto</ServerSubUrl>
    <Port>8080</Port>
    <IsPresent>false</IsPresent>
  </ServersList>
  <serverChooserIsOpened>false</serverChooserIsOpened>
  <Login>admin</Login>
  <Update>
    <Url>update</Url>
  </Update>
  <SaveLogin>true</SaveLogin>
  <ShouldGroupGoodMoveReport>true</ShouldGroupGoodMoveReport>
  <crashReportServerAddr>https://sevilia.glowbyte.com/restobugs/crash.php</crashReportServerAddr>
  <OneCExportPath>C:\1C</OneCExportPath>
  <NomenclatureExportFileName>C:\Users\Kirill\Documents\menu.xml.gz</NomenclatureExportFileName>
  <NomenclatureImportFileName>C:\Users\Kirill\Documents\menu.xml.gz</NomenclatureImportFileName>
  <MenuOpenGroupName />
  <NavPanelDockVisibility>Visible</NavPanelDockVisibility>
  <ProductionOrderLastStoreTo xsi:nil="true" />
  <OrderPropertiesPosition />
  <OrderPropertiesFio />
  <ShowProductEditor>false</ShowProductEditor>
  <ShowPositions>false</ShowPositions>
  <ShowMenu />
  <MenuChangesSplitterWidth xsi:nil="true" />
  <RoundPercent xsi:nil="true" />
  <needSubstituteSupplierPrice>true</needSubstituteSupplierPrice>
  <ModificatorsIsProcessed>false</ModificatorsIsProcessed>
  <NeedSubstituteLastInvoiceDate>false</NeedSubstituteLastInvoiceDate>
  <UseSupplierProducts>false</UseSupplierProducts>
  <LastInvoiceDate xsi:nil="true" />
  <needSubstituteLastInvoiceStore>false</needSubstituteLastInvoiceStore>
  <LastInvoiceStore xsi:nil="true" />
  <GoodsMoveShowNds xsi:nil="true" />
  <GoodsMoveShowAmount xsi:nil="true" />
  <ReplaceInGroupActionForm>false</ReplaceInGroupActionForm>
  <ResortOnNomenclatureCacheUpdate>true</ResortOnNomenclatureCacheUpdate>
  <AutoUpdateNomenclature>true</AutoUpdateNomenclature>
  <UpdateCacheAfterReconnection>false</UpdateCacheAfterReconnection>
  <CheckObjectInCacheForConverter>false</CheckObjectInCacheForConverter>
  <ServiceMode>FAST_FOOD</ServiceMode>
  <MaxUserPhotoWidth>600</MaxUserPhotoWidth>
  <MaxUserPhotoHeight>600</MaxUserPhotoHeight>
  <ProductPhotoMaxWidth>600</ProductPhotoMaxWidth>
  <ProductPhotoMaxHeight>600</ProductPhotoMaxHeight>
  <RecomputeSteadySalary>false</RecomputeSteadySalary>
  <RecomputeSalaryDates>
    <item>
      <key>
        <string>start</string>
      </key>
      <value>
        <dateTime xsi:nil="true" />
      </value>
    </item>
    <item>
      <key>
        <string>finish</string>
      </key>
      <value>
        <dateTime xsi:nil="true" />
      </value>
    </item>
  </RecomputeSalaryDates>
  <UICultureName>ru-RU</UICultureName>
  <ShowGroupsHierarchyForProductInCompletion>true</ShowGroupsHierarchyForProductInCompletion>
  <ShowPaidInvoices>false</ShowPaidInvoices>
  <ShowPaidOutgoingDocuments>false</ShowPaidOutgoingDocuments>
  <backVersion />
  <KeepAliveHttpWebRequestFlag>false</KeepAliveHttpWebRequestFlag>
  <RepeatCallsServerCount>0</RepeatCallsServerCount>
  <RepeatCallsServerTimeoutIsMs>500</RepeatCallsServerTimeoutIsMs>
  <AutoUpdateAnnouncements>true</AutoUpdateAnnouncements>
  <IikoNewsRssUrl />
  <deliveryCustomersCanBeExportedToExcel>true</deliveryCustomersCanBeExportedToExcel>
  <DeliveryAggregationFieldsVisible>true</DeliveryAggregationFieldsVisible>
  <DailyCacheSaving>true</DailyCacheSaving>
  <CacheSavingPeriod>5</CacheSavingPeriod>
  <_x0020_CacheSavingMinutesTime>480</_x0020_CacheSavingMinutesTime>
  <canArchiveCache>true</canArchiveCache>
  <IikoNetOperationTimeoutSeconds xsi:nil="true" />
  <IikoNetEndpointIdentity>iiko.net</IikoNetEndpointIdentity>
  <SyncReportDockPanelHeight xsi:nil="true" />
  <TraceAbcXyzAnalysis>false</TraceAbcXyzAnalysis>
  <YandexUrlMaskv2>http://maps\.yandex\.(?&lt;domain&gt;\w{2,9})/(export/usermaps/(?&lt;id&gt;(-|\w)+)/?|\?um=(?&lt;id&gt;(-|\w)+)\S*)</YandexUrlMaskv2>
  <YandexUrlFormatv2>http://maps.yandex.{domain}/export/usermaps/{id}/</YandexUrlFormatv2>
  <GoogleUrlMaskv2>https://.*\.google\.(?&lt;domain&gt;\w{2,9}?)/.*id=(?&lt;id&gt;([^?&amp;])+)</GoogleUrlMaskv2>
  <GoogleUrlFormatv2>https://www.google.{domain}/maps/d/view?mid={id}</GoogleUrlFormatv2>
  <EnableOzekiLog>false</EnableOzekiLog>
  <audioDevicesDetectionTimeout>00:00:05</audioDevicesDetectionTimeout>
</config>